id,first_name,last_name,email,gender,city,car_make,car_year,car_value,car_color
1,Maury,Truwert,mtruwert0@wp.com,Male,C_07,E,2011,55952,Puce
2,Willy,Gerber,wgerber1@twitter.com,Male,C_06,D,2007,68971,Teal
3,Joana,Otson,jotson2@bigcartel.com,Female,C_03,J,1975,64694,Maroon
4,Nerty,Shurville,nshurville3@sogou.com,Female,C_03,H,2002,61366,Indigo
5,Dom,McCool,dmccool4@com.com,Male,C_02,B,2004,70309,Turquoise
6,Peyter,Champney,pchampney5@geocities.jp,Male,C_02,J,2009,73418,Turquoise
7,Janene,Jentle,jjentle6@hud.gov,Female,C_02,J,2007,62980,Khaki
8,Austine,Chrichton,achrichton7@sourceforge.net,Female,C_01,J,2009,20683,Orange
9,Prudi,Laughton,plaughton8@jiathis.com,Female,C_05,A,2004,19738,Maroon
10,Uta,Whitloe,uwhitloe9@hao123.com,Female,C_01,D,1983,60406,Khaki
11,Joyann,Bassom,jbassoma@hexun.com,Female,C_06,D,2005,35959,Fuscia
12,Malissa,Erwin,merwinb@dagondesign.com,Female,C_02,F,1998,75225,Green
13,Sheffield,Powder,spowderc@dedecms.com,Male,C_03,F,2007,34431,Crimson
14,Sabra,Gianelli,sgianellid@newsvine.com,Female,C_02,B,1998,56490,Green
15,Winne,Vargas,wvargase@dailymail.co.uk,Female,C_01,G,2008,34943,Khaki
16,Auguste,Doerr,adoerrf@patch.com,Female,C_06,F,1998,34283,Fuscia
17,Georgine,Mollon,gmollong@github.io,Female,C_03,A,2012,43762,Goldenrod
18,Paton,Jobson,pjobsonh@wordpress.org,Male,C_06,E,2012,60027,Blue
19,Mareah,Arghent,marghenti@gov.uk,Female,C_03,F,1992,59068,Teal
20,Borg,Magnay,bmagnayj@acquirethisname.com,Male,C_06,G,1999,53400,Orange
21,Shana,Denver,sdenverk@webs.com,Female,C_07,H,2000,50327,Purple
22,Merle,Bragger,mbraggerl@nydailynews.com,Male,C_07,F,2006,34886,Purple
23,Allyn,Strothers,astrothersm@state.gov,Male,C_04,F,1990,51086,Green
24,Bayard,Everwin,beverwinn@nasa.gov,Male,C_02,C,2010,18039,Yellow
25,Connie,Janczak,cjanczako@un.org,Male,C_04,D,1996,53008,Puce
26,Lynnea,Hawtry,lhawtryp@devhub.com,Female,C_06,A,2005,23710,Indigo
27,Derron,Norsister,dnorsisterq@usnews.com,Male,C_03,J,1998,69917,Blue
28,Kerrie,Wheatcroft,kwheatcroftr@spiegel.de,Female,C_05,B,2007,33600,Crimson
29,Hort,Gullick,hgullicks@umn.edu,Male,C_04,A,1999,38812,Mauv
30,Wald,Mounce,wmouncet@yahoo.com,Male,C_03,J,2001,60045,Blue
31,Brigg,Dummett,bdummettu@nifty.com,Male,C_02,A,1986,32143,Violet
32,Sasha,Schulze,sschulzev@aol.com,Male,C_04,B,2011,35531,Pink
33,Ardys,McWhinnie,amcwhinniew@ow.ly,Female,C_06,F,2002,31190,Violet
34,Lyn,Aldersea,lalderseax@comcast.net,Female,C_04,H,2004,78167,Maroon
35,Dudley,Whyley,dwhyleyy@opera.com,Male,C_06,A,2000,48667,Yellow
36,Lanita,Martignoni,lmartignoniz@reuters.com,Female,C_07,E,1994,15618,Maroon
37,Orren,MacGregor,omacgregor10@soundcloud.com,Male,C_05,C,2008,58375,Teal
38,Howard,Dranfield,hdranfield11@usnews.com,Male,C_06,G,2004,44543,Khaki
39,Carley,Cawcutt,ccawcutt12@bing.com,Female,C_03,E,1992,41815,Orange
40,Benton,Grimbaldeston,bgrimbaldeston13@bing.com,Male,C_06,D,1989,58175,Khaki
41,Mireielle,Peasee,mpeasee14@state.tx.us,Female,C_03,C,2005,37714,Purple
42,Bengt,Olivas,bolivas15@usatoday.com,Male,C_05,A,2002,57028,Khaki
43,Mireille,Runcieman,mruncieman16@usatoday.com,Female,C_04,H,1977,20310,Indigo
44,Gayle,Worham,gworham17@msu.edu,Male,C_04,I,2002,77013,Aquamarine
45,Fraze,Muckle,fmuckle18@cargocollective.com,Male,C_01,H,2001,18581,Mauv
46,Wally,Bydaway,wbydaway19@netvibes.com,Male,C_05,H,1996,38349,Goldenrod
47,Uriah,Moyles,umoyles1a@mashable.com,Male,C_02,F,2002,51064,Violet
48,Normy,Alabaster,nalabaster1b@bing.com,Male,C_04,C,1994,69294,Fuscia
49,Wally,Stratten,wstratten1c@g.co,Male,C_06,F,1985,72583,Yellow
50,Robinia,Ashpole,rashpole1d@ameblo.jp,Female,C_07,H,2004,38777,Khaki
51,Fidel,Normanville,fnormanville1e@typepad.com,Male,C_07,E,1999,34473,Indigo
52,Drusy,Corder,dcorder1f@yellowbook.com,Female,C_07,A,1985,28110,Turquoise
53,Ari,Dameisele,adameisele1g@prnewswire.com,Male,C_05,G,2007,72152,Violet
54,Jennette,Wignall,jwignall1h@time.com,Female,C_02,G,1993,45227,Yellow
55,Dwain,Breyt,dbreyt1i@twitpic.com,Male,C_02,F,2005,55879,Khaki
56,Donnamarie,Beese,dbeese1j@yellowbook.com,Female,C_05,C,1992,65708,Aquamarine
57,Nickey,Frotton,nfrotton1k@facebook.com,Male,C_06,A,2005,37497,Mauv
58,Anna-diana,Gahan,agahan1l@umn.edu,Female,C_02,E,1994,59419,Green
59,Nelle,Moakler,nmoakler1m@wordpress.org,Female,C_04,B,2006,66817,Khaki
60,Hetty,Franzman,hfranzman1n@go.com,Female,C_04,A,1985,44731,Orange
61,Philomena,Messingham,pmessingham1o@amazon.co.jp,Female,C_06,D,2007,67215,Blue
62,Misti,Beeken,mbeeken1p@moonfruit.com,Female,C_01,H,2012,46816,Khaki
63,Christa,Isherwood,cisherwood1q@zimbio.com,Female,C_01,J,1994,49659,Goldenrod
64,Esra,Taylour,etaylour1r@wsj.com,Male,C_06,J,1999,46141,Pink
65,Dulci,Croan,dcroan1s@google.co.uk,Female,C_06,D,2008,47915,Violet
66,Blake,Senecaut,bsenecaut1t@dedecms.com,Male,C_06,H,2005,52832,Blue
67,Judie,Mapson,jmapson1u@epa.gov,Female,C_02,B,2009,22010,Indigo
68,Aile,Abby,aabby1v@nhs.uk,Female,C_02,J,2010,60500,Mauv
69,Adi,Robertucci,arobertucci1w@mit.edu,Female,C_02,D,2004,71221,Green
70,Forrest,Proppers,fproppers1x@hexun.com,Male,C_03,G,1986,60481,Maroon
71,Cher,Woolis,cwoolis1y@t.co,Female,C_01,I,2008,64238,Mauv
72,Carolee,Haulkham,chaulkham1z@time.com,Female,C_03,F,2006,27272,Teal
73,Nikola,Bengall,nbengall20@a8.net,Male,C_01,C,2008,77624,Turquoise
74,Adela,Robathon,arobathon21@free.fr,Female,C_01,G,1995,38749,Goldenrod
75,Gunter,Maycey,gmaycey22@deliciousdays.com,Male,C_01,I,2009,68723,Red
76,Colleen,O'Sheeryne,cosheeryne23@cbsnews.com,Female,C_03,I,2001,28363,Fuscia
77,Dinah,Bittlestone,dbittlestone24@google.cn,Female,C_01,G,1997,15048,Purple
78,Noland,Derrington,nderrington25@mozilla.com,Male,C_03,I,2013,33846,Fuscia
79,Bevan,Dellit,bdellit26@slashdot.org,Male,C_02,H,1998,77791,Blue
80,Veronica,Beddin,vbeddin27@hao123.com,Female,C_07,J,2006,78257,Puce
81,Krystalle,Striker,kstriker28@zimbio.com,Female,C_03,F,2008,45893,Violet
82,Morgana,Dach,mdach29@opensource.org,Female,C_01,H,1997,21529,Aquamarine
83,Maurise,Whitbread,mwhitbread2a@cnet.com,Female,C_06,F,1995,55791,Mauv
84,Basia,Hayler,bhayler2b@nbcnews.com,Female,C_03,D,2011,46337,Yellow
85,Fionna,Rochford,frochford2c@jugem.jp,Female,C_06,C,2007,32601,Puce
86,Enrika,Cassin,ecassin2d@senate.gov,Female,C_01,H,2005,75469,Puce
87,Blanca,Easey,beasey2e@skype.com,Female,C_06,H,1992,20128,Purple
88,Rebeka,Rayhill,rrayhill2f@jiathis.com,Female,C_01,H,2009,53618,Indigo
89,Philipa,Rama,prama2g@businesswire.com,Female,C_02,F,2003,22462,Khaki
90,Ileana,Levecque,ilevecque2h@weebly.com,Female,C_03,F,2004,43605,Purple
91,Devon,Artist,dartist2i@google.com.br,Female,C_03,H,1995,65428,Pink
92,Jacintha,Sifleet,jsifleet2j@dion.ne.jp,Female,C_07,F,2005,62740,Khaki
93,Lewie,Renak,lrenak2k@dagondesign.com,Male,C_04,I,1999,63142,Turquoise
94,Ingrim,Rosengren,irosengren2l@ustream.tv,Male,C_02,H,2001,38362,Puce
95,Roman,Caherny,rcaherny2m@imgur.com,Male,C_02,A,1991,35513,Turquoise
96,Mill,Fearneley,mfearneley2n@tuttocitta.it,Male,C_04,D,2007,26997,Pink
97,Krystalle,Di Maria,kdimaria2o@hud.gov,Female,C_04,D,2004,70941,Aquamarine
98,Koressa,Arman,karman2p@hexun.com,Female,C_07,C,2004,47385,Maroon
99,Glenine,Cavil,gcavil2q@mozilla.org,Female,C_02,I,1992,37129,Maroon
100,Cameron,Palphreyman,cpalphreyman2r@addtoany.com,Male,C_05,F,1999,47876,Purple
101,Nonnah,Abbott,nabbott2s@topsy.com,Female,C_02,A,2006,67824,Aquamarine
102,Everard,Unstead,eunstead2t@nhs.uk,Male,C_04,G,2005,78971,Violet
103,Clarence,Tiffney,ctiffney2u@japanpost.jp,Male,C_06,G,1999,20005,Puce
104,Max,Corradi,mcorradi2v@apache.org,Male,C_03,D,2001,33338,Indigo
105,Naoma,Wilkowski,nwilkowski2w@ning.com,Female,C_02,B,1995,42711,Blue
106,Jocelyne,Huegett,jhuegett2x@desdev.cn,Female,C_07,A,2006,57105,Turquoise
107,Maxwell,Acory,macory2y@etsy.com,Male,C_06,H,2003,56659,Indigo
108,Cobbie,Flewett,cflewett2z@wikispaces.com,Male,C_04,C,1994,58437,Goldenrod
109,Remus,Hegg,rhegg30@pbs.org,Male,C_02,I,2011,67123,Indigo
110,Ronnie,Moles,rmoles31@wp.com,Female,C_05,F,1989,28227,Yellow
111,Lelah,Casale,lcasale32@e-recht24.de,Female,C_07,A,2006,33887,Orange
112,Bond,Kerss,bkerss33@noaa.gov,Male,C_02,H,1993,36504,Red
113,Eilis,Ram,eram34@behance.net,Female,C_03,F,2004,68958,Purple
114,Katha,Curgenven,kcurgenven35@cloudflare.com,Female,C_04,B,1996,32102,Violet
115,Arlie,Caw,acaw36@xrea.com,Female,C_03,A,1992,49241,Green
116,Yolane,Hackworth,yhackworth37@dropbox.com,Female,C_05,C,2002,25778,Mauv
117,Elsinore,Schulkins,eschulkins38@ocn.ne.jp,Female,C_01,E,2002,41836,Orange
118,Cly,Chalk,cchalk39@forbes.com,Male,C_03,A,2004,41576,Blue
119,Dianemarie,Worham,dworham3a@gnu.org,Female,C_06,F,2007,21862,Purple
120,Julieta,Sadgrove,jsadgrove3b@csmonitor.com,Female,C_04,B,2007,58562,Fuscia
121,Alexandra,Harmes,aharmes3c@csmonitor.com,Female,C_06,F,1999,77879,Mauv
122,Bing,Grishunin,bgrishunin3d@noaa.gov,Male,C_03,D,1995,16823,Aquamarine
123,Stinky,Baigent,sbaigent3e@statcounter.com,Male,C_05,H,2011,42276,Crimson
124,Orelle,Penylton,openylton3f@facebook.com,Female,C_01,E,1993,36636,Orange
125,Gretel,Tyres,gtyres3g@whitehouse.gov,Female,C_06,I,2009,44183,Fuscia
126,Philipa,Beatey,pbeatey3h@amazon.de,Female,C_01,J,2007,28021,Orange
127,Eartha,Feldmus,efeldmus3i@linkedin.com,Female,C_02,F,2009,56943,Goldenrod
128,Amalia,La Vigne,alavigne3j@hao123.com,Female,C_06,B,1992,54145,Maroon
129,Reyna,Ferreira,rferreira3k@geocities.jp,Female,C_06,J,2012,29104,Violet
130,Hillier,Belverstone,hbelverstone3l@acquirethisname.com,Male,C_02,C,2002,79680,Pink
131,Niko,Genge,ngenge3m@artisteer.com,Male,C_05,C,2007,70988,Goldenrod
132,Maurise,Knaggs,mknaggs3n@jugem.jp,Female,C_02,J,2007,74529,Yellow
133,Kelby,Fenby,kfenby3o@histats.com,Male,C_03,I,2002,21985,Green
134,Lurline,Needs,lneeds3p@reference.com,Female,C_04,J,2007,78601,Mauv
135,Remy,Nolte,rnolte3q@vistaprint.com,Female,C_07,J,2001,25538,Orange
136,Conway,Whitmell,cwhitmell3r@over-blog.com,Male,C_01,J,1995,29004,Pink
137,Lin,Cahan,lcahan3s@drupal.org,Male,C_05,F,1994,46767,Indigo
138,Teddie,Bacher,tbacher3t@businesswire.com,Female,C_04,D,1984,45759,Green
139,Sybila,Agott,sagott3u@storify.com,Female,C_07,J,1992,50623,Orange
140,Dinah,Dries,ddries3v@berkeley.edu,Female,C_01,A,2001,15798,Purple
141,Cris,Sherrett,csherrett3w@cbslocal.com,Male,C_01,I,2009,58744,Maroon
142,Editha,Felce,efelce3x@soup.io,Female,C_06,J,1988,50153,Indigo
143,Suki,Auchterlonie,sauchterlonie3y@tmall.com,Female,C_07,G,2010,69079,Crimson
144,Irving,Hitzmann,ihitzmann3z@eventbrite.com,Male,C_02,G,2003,16769,Violet
145,Casey,Sproule,csproule40@cbsnews.com,Female,C_04,F,2005,22606,Purple
146,Mayor,Langrick,mlangrick41@cafepress.com,Male,C_07,E,1999,19881,Mauv
147,Milt,Redington,mredington42@intel.com,Male,C_07,F,2010,23962,Maroon
148,Hana,Signe,hsigne43@multiply.com,Female,C_03,F,2006,51299,Goldenrod
149,Aurelie,Sexty,asexty44@craigslist.org,Female,C_04,G,2006,77879,Indigo
150,Jaquelin,Duddy,jduddy45@nytimes.com,Female,C_07,H,2005,71552,Goldenrod
151,Nat,Tomadoni,ntomadoni46@seesaa.net,Male,C_03,C,1996,49455,Orange
152,Parry,Giraudy,pgiraudy47@ibm.com,Male,C_07,C,1986,42156,Red
153,Irene,Alejo,ialejo48@businessinsider.com,Female,C_03,F,2008,61237,Orange
154,Ron,Cunde,rcunde49@ycombinator.com,Male,C_04,D,1998,59328,Maroon
155,Collie,Shackle,cshackle4a@blog.com,Female,C_06,D,2008,51600,Purple
156,Dawn,Girardot,dgirardot4b@ox.ac.uk,Female,C_01,I,2010,79669,Goldenrod
157,Bobbee,Powell,bpowell4c@springer.com,Female,C_06,J,1987,27317,Khaki
158,Garvin,Stealfox,gstealfox4d@cdbaby.com,Male,C_04,H,2012,79467,Purple
159,Marchall,Minot,mminot4e@arstechnica.com,Male,C_04,G,1992,63756,Teal
160,Emmit,Dunn,edunn4f@t.co,Male,C_01,A,2006,51950,Mauv
161,Maritsa,Danniell,mdanniell4g@twitter.com,Female,C_01,G,2007,67793,Aquamarine
162,Marta,Gerhartz,mgerhartz4h@163.com,Female,C_05,F,1993,46932,Green
163,Barb,Swinnard,bswinnard4i@artisteer.com,Female,C_06,B,2009,63089,Maroon
164,Field,Mergue,fmergue4j@yolasite.com,Male,C_02,B,2007,23089,Goldenrod
165,Bellina,Giacomini,bgiacomini4k@cnet.com,Female,C_01,B,2005,62348,Crimson
166,Von,Laird-Craig,vlairdcraig4l@salon.com,Male,C_05,G,2013,29640,Indigo
167,Bobbie,Bleas,bbleas4m@hud.gov,Male,C_03,I,2008,22815,Green
168,Homere,Rigmand,hrigmand4n@phoca.cz,Male,C_03,C,1997,56466,Green
169,Peri,Gilhoolie,pgilhoolie4o@opera.com,Female,C_05,J,2010,42378,Goldenrod
170,Katrina,Ethelstone,kethelstone4p@independent.co.uk,Female,C_02,J,2011,27783,Mauv
171,Davide,Dorey,ddorey4q@twitpic.com,Male,C_03,E,1990,68740,Khaki
172,Barthel,Braunle,bbraunle4r@spiegel.de,Male,C_05,I,2009,30936,Orange
173,Gus,Gatenby,ggatenby4s@baidu.com,Female,C_02,J,1998,17480,Teal
174,Willey,O'Neary,woneary4t@tripod.com,Male,C_04,G,1992,15082,Maroon
175,Breanne,Battson,bbattson4u@hostgator.com,Female,C_07,B,2010,77087,Orange
176,Silvester,Taleworth,staleworth4v@patch.com,Male,C_07,A,1998,55367,Goldenrod
177,Benedicta,Leebeter,bleebeter4w@github.com,Female,C_01,J,2009,72673,Teal
178,Skye,Woolnough,swoolnough4x@feedburner.com,Male,C_05,D,1984,68756,Teal
179,Eve,Cawt,ecawt4y@ning.com,Female,C_01,H,2006,29457,Mauv
180,Annette,Lowrie,alowrie4z@marketwatch.com,Female,C_01,E,1980,75863,Violet
181,Reeba,Jouandet,rjouandet50@webeden.co.uk,Female,C_06,A,2008,15399,Teal
182,Bibi,Lieb,blieb51@sphinn.com,Female,C_07,B,2003,26562,Goldenrod
183,Farley,Gamlyn,fgamlyn52@biglobe.ne.jp,Male,C_03,J,1997,77785,Red
184,Lorens,Kopacek,lkopacek53@xing.com,Male,C_07,C,1992,18725,Aquamarine
185,Aimil,Finlater,afinlater54@infoseek.co.jp,Female,C_02,F,1997,36343,Khaki
186,Alanna,Detheridge,adetheridge55@flavors.me,Female,C_01,A,2002,17767,Maroon
187,Skell,O'Hone,sohone56@harvard.edu,Male,C_06,J,2012,22353,Indigo
188,Donavon,Wolstenholme,dwolstenholme57@cisco.com,Male,C_07,J,1992,74371,Blue
189,Pall,Ollier,pollier58@army.mil,Male,C_05,C,2005,65997,Red
190,Vernen,Uren,vuren59@tripadvisor.com,Male,C_07,I,1986,28455,Aquamarine
191,Bobbe,Brumhead,bbrumhead5a@wufoo.com,Female,C_01,H,2000,38722,Indigo
192,Dasya,Abrahim,dabrahim5b@cbsnews.com,Female,C_01,E,1997,40952,Teal
193,Raf,Duffree,rduffree5c@army.mil,Female,C_05,D,2008,17035,Goldenrod
194,Cy,Banham,cbanham5d@blogspot.com,Male,C_04,J,1962,51960,Teal
195,Dud,Mitchelmore,dmitchelmore5e@unicef.org,Male,C_02,A,1997,20804,Crimson
196,Leela,Willans,lwillans5f@chron.com,Female,C_02,F,1996,44246,Maroon
197,Sky,Brehault,sbrehault5g@squidoo.com,Male,C_06,I,1995,55091,Crimson
198,Briny,Mattheus,bmattheus5h@eventbrite.com,Female,C_06,H,1986,18528,Puce
199,Hort,Bleckly,hbleckly5i@macromedia.com,Male,C_06,C,1992,31279,Puce
200,Sig,Kynsey,skynsey5j@nytimes.com,Male,C_04,F,1995,54364,Khaki
201,Gino,Seel,gseel5k@google.nl,Male,C_01,I,1999,36931,Puce
202,Beltran,Adolphine,badolphine5l@blog.com,Male,C_05,D,1998,19602,Yellow
203,Emlen,Cumbes,ecumbes5m@prlog.org,Male,C_03,I,1994,28441,Fuscia
204,Tonya,Habbeshaw,thabbeshaw5n@earthlink.net,Female,C_04,H,2001,47436,Puce
205,Maddie,Heilds,mheilds5o@dailymail.co.uk,Male,C_03,A,1989,54862,Crimson
206,Barby,Stanlike,bstanlike5p@godaddy.com,Female,C_07,I,2009,17416,Violet
207,Cody,Harrower,charrower5q@mayoclinic.com,Female,C_07,F,1992,53684,Yellow
208,Celeste,Macvey,cmacvey5r@go.com,Female,C_02,D,2011,61215,Turquoise
209,Ruthann,Aldersey,raldersey5s@ebay.co.uk,Female,C_06,E,2002,59959,Khaki
210,Demetrius,McCullouch,dmccullouch5t@over-blog.com,Male,C_04,F,1998,58704,Fuscia
211,Samuele,Pinsent,spinsent5u@google.it,Male,C_02,H,1974,34377,Teal
212,Corney,Badger,cbadger5v@ow.ly,Male,C_01,F,1979,62801,Fuscia
213,Bird,Bigland,bbigland5w@flickr.com,Female,C_06,A,2012,41446,Khaki
214,Dewie,Coupe,dcoupe5x@artisteer.com,Male,C_01,B,2007,77124,Green
215,Tabbatha,Carey,tcarey5y@wordpress.org,Female,C_03,E,2011,51772,Mauv
216,Darcy,Tyres,dtyres5z@edublogs.org,Female,C_06,I,2003,26433,Mauv
217,Fleurette,Southerell,fsoutherell60@lulu.com,Female,C_01,G,2005,50218,Aquamarine
218,Augustina,Lagden,alagden61@techcrunch.com,Female,C_04,J,2007,70721,Indigo
219,Ketty,Swayte,kswayte62@xing.com,Female,C_03,A,2012,34609,Red
220,Stephen,Rustan,srustan63@paypal.com,Male,C_03,A,1999,58968,Maroon
221,Oneida,Robardley,orobardley64@geocities.jp,Female,C_05,H,2012,55394,Khaki
222,Cathrin,Llewelly,cllewelly65@spotify.com,Female,C_02,J,2006,62571,Red
223,Stephi,Caldeiro,scaldeiro66@taobao.com,Female,C_06,G,1990,33335,Purple
224,Wolf,Purchase,wpurchase67@prweb.com,Male,C_01,G,2004,61348,Mauv
225,Abigail,Jarrad,ajarrad68@reddit.com,Female,C_06,E,1984,48202,Goldenrod
226,Ambrosius,Eite,aeite69@deviantart.com,Male,C_05,H,2004,23444,Aquamarine
227,Tim,Kitchener,tkitchener6a@desdev.cn,Female,C_05,B,1993,71078,Orange
228,Arron,Jeanequin,ajeanequin6b@studiopress.com,Male,C_02,D,2002,24117,Turquoise
229,Jeremie,Laxston,jlaxston6c@twitter.com,Male,C_07,A,2012,45267,Pink
230,Ainslie,McGenis,amcgenis6d@bbb.org,Female,C_05,C,2011,62962,Yellow
231,Eloisa,Theuff,etheuff6e@edublogs.org,Female,C_06,E,2011,30456,Blue
232,Consuela,Roser,croser6f@yahoo.com,Female,C_04,H,1977,67848,Puce
233,Pearce,Heyworth,pheyworth6g@paginegialle.it,Male,C_06,E,2005,79494,Teal
234,Jemmy,Cosson,jcosson6h@state.tx.us,Female,C_05,G,1995,37347,Crimson
235,Gavin,McCosh,gmccosh6i@sfgate.com,Male,C_05,E,1985,77663,Red
236,Dirk,Simoneau,dsimoneau6j@youtube.com,Male,C_01,I,1986,58701,Turquoise
237,Balduin,Worgen,bworgen6k@sbwire.com,Male,C_05,B,2003,71632,Maroon
238,Cathleen,McCloid,cmccloid6l@booking.com,Female,C_03,H,2009,36422,Khaki
239,Caritta,Reynoollds,creynoollds6m@rambler.ru,Female,C_02,E,1991,35410,Khaki
240,Roderick,Sreenan,rsreenan6n@bandcamp.com,Male,C_06,D,2011,16551,Violet
241,Barr,Matzaitis,bmatzaitis6o@pbs.org,Male,C_04,D,2012,72023,Crimson
242,Tedra,Lindenberg,tlindenberg6p@ted.com,Female,C_01,A,2012,61916,Crimson
243,Ansley,Hardson,ahardson6q@dmoz.org,Female,C_03,F,2012,66678,Aquamarine
244,Rafaelita,Sager,rsager6r@dropbox.com,Female,C_05,I,1993,21048,Fuscia
245,Callean,Rex,crex6s@dell.com,Male,C_07,H,1999,74959,Aquamarine
246,Cymbre,Giovannetti,cgiovannetti6t@mysql.com,Female,C_03,H,1995,20275,Blue
247,Lydon,Willock,lwillock6u@nhs.uk,Male,C_03,A,2009,20614,Mauv
248,Pepe,Ackermann,packermann6v@tmall.com,Male,C_03,E,1998,67637,Violet
249,Eyde,Petkens,epetkens6w@webeden.co.uk,Female,C_05,A,2008,58897,Turquoise
250,Gerrie,Shaxby,gshaxby6x@oakley.com,Female,C_04,E,1970,52641,Red
251,Dom,Creeber,dcreeber6y@mapy.cz,Male,C_05,H,1993,28831,Crimson
252,Earl,Baribal,ebaribal6z@time.com,Male,C_03,F,2003,28018,Crimson
253,Shell,Musico,smusico70@sakura.ne.jp,Female,C_04,E,2009,19605,Pink
254,Huberto,Huxham,hhuxham71@hc360.com,Male,C_01,I,2005,66103,Violet
255,Aloin,Nathan,anathan72@uol.com.br,Male,C_03,E,1994,37582,Red
256,Dalt,Mitchinson,dmitchinson73@mysql.com,Male,C_04,D,1995,74957,Teal
257,Salomon,MacKibbon,smackibbon74@bravesites.com,Male,C_02,D,2008,67909,Puce
258,Nilson,Lyal,nlyal75@quantcast.com,Male,C_04,C,2011,22549,Yellow
259,Keri,Parlet,kparlet76@t.co,Female,C_07,I,2013,76944,Khaki
260,Stan,Beecroft,sbeecroft77@clickbank.net,Male,C_04,G,2005,48540,Turquoise
261,Fayina,Sommerly,fsommerly78@hugedomains.com,Female,C_07,J,2007,32125,Khaki
262,Alistair,Palia,apalia79@utexas.edu,Male,C_05,F,1994,62438,Turquoise
263,Wayne,Martindale,wmartindale7a@fema.gov,Male,C_06,F,1993,19781,Teal
264,Brice,Dobrowolny,bdobrowolny7b@vkontakte.ru,Male,C_07,G,1993,28237,Violet
265,Bertha,Olanda,bolanda7c@howstuffworks.com,Female,C_07,J,1996,60156,Crimson
266,Elsey,Gurton,egurton7d@jimdo.com,Female,C_02,B,1994,31521,Violet
267,Jerald,Paschek,jpaschek7e@phpbb.com,Male,C_03,H,2011,53655,Khaki
268,Lenee,Dagger,ldagger7f@so-net.ne.jp,Female,C_04,H,2010,43777,Green
269,Walton,Gooderick,wgooderick7g@oracle.com,Male,C_01,G,1996,18051,Orange
270,Elsy,Flanne,eflanne7h@usnews.com,Female,C_04,I,1994,63543,Purple
271,Oriana,Cortese,ocortese7i@goo.gl,Female,C_02,F,2000,32717,Yellow
272,Amelie,Fedynski,afedynski7j@patch.com,Female,C_04,F,1992,47077,Pink
273,Barbara-anne,Dudill,bdudill7k@google.nl,Female,C_06,C,2004,70222,Aquamarine
274,Tyson,Barkshire,tbarkshire7l@pagesperso-orange.fr,Male,C_06,C,2001,32032,Goldenrod
275,Chilton,Codron,ccodron7m@ucsd.edu,Male,C_01,H,1993,78978,Green
276,Creight,Epgrave,cepgrave7n@topsy.com,Male,C_03,G,1996,46213,Mauv
277,Winifred,Cronkshaw,wcronkshaw7o@t-online.de,Female,C_01,J,1990,35103,Mauv
278,Sandy,Lambert,slambert7p@cmu.edu,Female,C_05,F,2005,71391,Teal
279,Nadeen,McAulay,nmcaulay7q@t.co,Female,C_05,E,2011,39580,Green
280,Loreen,Stubbes,lstubbes7r@noaa.gov,Female,C_04,J,2011,79877,Fuscia
281,Sibbie,Sawter,ssawter7s@github.com,Female,C_05,F,1992,50897,Blue
282,Flint,Busby,fbusby7t@deviantart.com,Male,C_07,I,1994,62112,Yellow
283,Alfreda,Ivanyushkin,aivanyushkin7u@newsvine.com,Female,C_04,F,1991,60156,Blue
284,Lester,Haszard,lhaszard7v@reference.com,Male,C_07,A,2005,29944,Aquamarine
285,Jo ann,Fraczek,jfraczek7w@cloudflare.com,Female,C_03,J,2001,60471,Crimson
286,Inigo,Strafford,istrafford7x@desdev.cn,Male,C_05,E,1998,23773,Puce
287,Jourdan,Terzo,jterzo7y@toplist.cz,Female,C_05,E,2008,37271,Green
288,Iain,Elsie,ielsie7z@newyorker.com,Male,C_03,D,2012,40136,Green
289,Rubin,Regelous,rregelous80@cbc.ca,Male,C_06,E,1996,74673,Goldenrod
290,Germana,Staterfield,gstaterfield81@angelfire.com,Female,C_02,I,1999,59419,Crimson
291,Sibilla,Robyns,srobyns82@cloudflare.com,Female,C_01,F,2004,54644,Khaki
292,Berton,De Matteis,bdematteis83@lulu.com,Male,C_07,D,1987,47326,Pink
293,Greg,Stoddart,gstoddart84@soundcloud.com,Male,C_01,G,1988,76521,Red
294,Mamie,Hurran,mhurran85@reddit.com,Female,C_02,G,2010,45167,Puce
295,Claribel,Winterbottom,cwinterbottom86@amazon.com,Female,C_02,J,1998,30011,Blue
296,Caria,Hearty,chearty87@jiathis.com,Female,C_05,D,2011,41568,Mauv
297,Cosimo,Crookes,ccrookes88@flickr.com,Male,C_02,I,2001,45508,Khaki
298,Trumaine,MacVagh,tmacvagh89@indiatimes.com,Male,C_03,B,1980,53123,Indigo
299,Nyssa,Lesser,nlesser8a@blog.com,Female,C_05,F,2007,61453,Blue
300,Kristen,Labusquiere,klabusquiere8b@delicious.com,Female,C_02,D,2005,53526,Crimson
301,Arri,Cranke,acranke8c@mozilla.com,Male,C_07,I,2001,65793,Mauv
302,Scarface,Philcock,sphilcock8d@deliciousdays.com,Male,C_02,H,2012,19912,Fuscia
303,Ermin,Lorroway,elorroway8e@exblog.jp,Male,C_06,A,2011,62870,Pink
304,Duncan,Melhuish,dmelhuish8f@technorati.com,Male,C_01,A,2004,66635,Orange
305,Esther,Gerdes,egerdes8g@furl.net,Female,C_03,I,1992,28649,Goldenrod
306,Brooke,Wilkisson,bwilkisson8h@tinyurl.com,Female,C_01,J,1995,16660,Mauv
307,Milo,Signoret,msignoret8i@deliciousdays.com,Male,C_05,D,2012,71161,Goldenrod
308,Mace,Pittam,mpittam8j@tiny.cc,Male,C_05,D,2008,28473,Green
309,Natal,Sultana,nsultana8k@addthis.com,Male,C_02,G,2000,25654,Aquamarine
310,Reamonn,Rawes,rrawes8l@sciencedaily.com,Male,C_04,I,2001,53113,Aquamarine
311,Billie,Romke,bromke8m@parallels.com,Male,C_07,E,2009,27590,Violet
312,Durand,Miettinen,dmiettinen8n@mozilla.org,Male,C_07,G,1986,59051,Green
313,Cecilla,Dani,cdani8o@gmpg.org,Female,C_01,A,2007,16540,Crimson
314,Umberto,Judge,ujudge8p@army.mil,Male,C_04,A,1997,67451,Khaki
315,Pinchas,Patten,ppatten8q@blogger.com,Male,C_01,J,2009,22215,Puce
316,Olivero,Chaimson,ochaimson8r@yahoo.co.jp,Male,C_01,C,1991,38513,Yellow
317,Carol-jean,Ribbens,cribbens8s@craigslist.org,Female,C_03,D,1973,74099,Red
318,Richard,Beaten,rbeaten8t@biglobe.ne.jp,Male,C_06,D,2006,58777,Blue
319,Leighton,Clowes,lclowes8u@narod.ru,Male,C_06,D,1992,61172,Khaki
320,Dionis,Betjeman,dbetjeman8v@noaa.gov,Female,C_02,E,2007,36514,Aquamarine
321,Ludovika,Sawbridge,lsawbridge8w@hubpages.com,Female,C_04,I,2010,59404,Aquamarine
322,Biddie,Seamen,bseamen8x@unc.edu,Female,C_06,A,1998,42032,Khaki
323,Velma,Godwin,vgodwin8y@accuweather.com,Female,C_06,B,1993,18159,Crimson
324,Floyd,Wiley,fwiley8z@narod.ru,Male,C_01,H,2013,55171,Aquamarine
325,Levon,Boodell,lboodell90@thetimes.co.uk,Male,C_06,G,1996,45324,Turquoise
326,Regan,Joliffe,rjoliffe91@paginegialle.it,Male,C_06,C,1994,55895,Pink
327,Kane,Alphege,kalphege92@craigslist.org,Male,C_03,E,1998,29283,Teal
328,Lesly,Lupton,llupton93@shutterfly.com,Female,C_05,E,1998,64215,Puce
329,Leelah,Measures,lmeasures94@hexun.com,Female,C_03,C,1966,46483,Yellow
330,Denis,Meran,dmeran95@virginia.edu,Male,C_05,H,1985,18814,Red
331,Tootsie,Mollnar,tmollnar96@cnbc.com,Female,C_05,F,2008,67748,Indigo
332,Babara,Tondeur,btondeur97@apache.org,Female,C_03,C,2002,70038,Turquoise
333,Gardie,Woodfin,gwoodfin98@utexas.edu,Male,C_02,D,2011,74476,Crimson
334,Netti,Halpen,nhalpen99@creativecommons.org,Female,C_07,J,2011,63353,Pink
335,Jandy,Franzoli,jfranzoli9a@dagondesign.com,Female,C_01,H,1995,67284,Teal
336,Kingsley,Cockran,kcockran9b@twitter.com,Male,C_06,A,2008,53912,Crimson
337,Jephthah,Bofield,jbofield9c@state.gov,Male,C_02,D,1964,18898,Purple
338,Cherilynn,Arpin,carpin9d@constantcontact.com,Female,C_07,F,2008,71122,Crimson
339,Sidnee,Gaine of England,sgaineofengland9e@merriam-webster.com,Male,C_06,F,1985,20670,Khaki
340,Eziechiele,Brounsell,ebrounsell9f@qq.com,Male,C_02,D,2008,67022,Teal
341,Ursula,Carle,ucarle9g@bloglines.com,Female,C_05,F,1995,76615,Pink
342,Boy,Garmey,bgarmey9h@diigo.com,Male,C_06,J,1990,19785,Yellow
343,Kaylyn,Klulisek,kklulisek9i@cafepress.com,Female,C_04,C,2008,28499,Goldenrod
344,Skye,Surguine,ssurguine9j@nyu.edu,Male,C_07,C,2010,21509,Puce
345,Julia,MacBrearty,jmacbrearty9k@gmpg.org,Female,C_03,J,1997,33374,Green
346,Rooney,Karlicek,rkarlicek9l@github.io,Male,C_06,J,1984,68040,Puce
347,Dmitri,Bordessa,dbordessa9m@bbb.org,Male,C_07,A,1994,59831,Yellow
348,Wes,Manna,wmanna9n@businesswire.com,Male,C_06,I,1987,18678,Turquoise
349,Gilli,Maase,gmaase9o@apache.org,Female,C_06,A,1985,59414,Aquamarine
350,Mehetabel,McKniely,mmckniely9p@usnews.com,Female,C_03,H,2010,45827,Purple
351,Ray,Terrans,rterrans9q@oakley.com,Male,C_03,J,2003,61245,Turquoise
352,Hall,Sturrock,hsturrock9r@yandex.ru,Male,C_07,I,2012,20906,Maroon
353,Lyndy,Selby,lselby9s@wikispaces.com,Female,C_05,C,2010,53082,Indigo
354,Jacquelin,Chapman,jchapman9t@gov.uk,Female,C_03,E,2006,42164,Orange
355,Maison,Clyde,mclyde9u@myspace.com,Male,C_01,A,1984,68077,Violet
356,Aldridge,Stiant,astiant9v@smugmug.com,Male,C_05,B,2008,64408,Goldenrod
357,Coralie,Rossi,crossi9w@amazon.com,Female,C_07,J,1996,15803,Maroon
358,Carleen,Creasey,ccreasey9x@vinaora.com,Female,C_02,B,1994,51135,Goldenrod
359,Felike,Boulton,fboulton9y@delicious.com,Male,C_06,C,2005,61136,Purple
360,Boyd,Linacre,blinacre9z@vistaprint.com,Male,C_05,I,2007,74194,Indigo
361,Calypso,Daffern,cdafferna0@redcross.org,Female,C_01,C,2012,40809,Puce
362,Glendon,Sleit,gsleita1@latimes.com,Male,C_07,C,2012,46934,Green
363,Dolf,Ferenczy,dferenczya2@domainmarket.com,Male,C_03,B,1999,28596,Pink
364,Tomlin,Cumberlidge,tcumberlidgea3@skype.com,Male,C_04,A,2000,40711,Purple
365,Baldwin,Spaight,bspaighta4@example.com,Male,C_04,J,1993,45277,Orange
366,Ignaz,Dawby,idawbya5@posterous.com,Male,C_04,J,2011,21526,Purple
367,Briney,Heffernon,bheffernona6@mail.ru,Female,C_07,H,2009,55267,Yellow
368,Gustaf,Kerrane,gkerranea7@unblog.fr,Male,C_06,B,2012,42886,Red
369,Julianne,Christaeas,jchristaeasa8@howstuffworks.com,Female,C_03,I,2008,73922,Purple
370,Dag,Schellig,dschelliga9@apple.com,Male,C_07,I,2002,23204,Teal
371,Saunders,Wardingley,swardingleyaa@cmu.edu,Male,C_03,J,1984,50786,Khaki
372,Danella,Ashurst,dashurstab@infoseek.co.jp,Female,C_02,A,1995,36704,Violet
373,Correy,Nickoles,cnickolesac@dropbox.com,Female,C_04,F,1998,16255,Indigo
374,Beulah,Pele,bpelead@alibaba.com,Female,C_01,D,2009,75294,Turquoise
375,Win,Jakolevitch,wjakolevitchae@ow.ly,Male,C_02,C,1983,40457,Turquoise
376,Jobyna,Hayselden,jhayseldenaf@uol.com.br,Female,C_04,F,1993,50510,Pink
377,Travis,Murphey,tmurpheyag@squidoo.com,Male,C_02,E,1997,27119,Maroon
378,Kleon,Tchir,ktchirah@army.mil,Male,C_05,J,1997,26191,Crimson
379,Zelda,Sambrook,zsambrookai@npr.org,Female,C_04,D,2008,59432,Goldenrod
380,Hatti,Vowdon,hvowdonaj@addthis.com,Female,C_04,E,2003,73048,Orange
381,Austine,Ayer,aayerak@so-net.ne.jp,Female,C_04,G,2000,18318,Purple
382,Tyrus,Blacklidge,tblacklidgeal@facebook.com,Male,C_06,A,1995,77405,Yellow
383,Ricoriki,Japp,rjappam@un.org,Male,C_04,F,2006,21738,Puce
384,Miller,Gummow,mgummowan@goo.gl,Male,C_03,E,1984,73860,Yellow
385,Chelsea,Pickston,cpickstonao@joomla.org,Female,C_05,J,1991,66243,Green
386,Tadio,Brabbins,tbrabbinsap@lycos.com,Male,C_05,I,1976,19690,Khaki
387,Georg,Probart,gprobartaq@sina.com.cn,Male,C_06,F,1997,39560,Blue
388,Lavena,Keepe,lkeepear@nps.gov,Female,C_02,J,2006,72624,Blue
389,Merry,Eke,mekeas@deviantart.com,Male,C_04,I,1996,26533,Blue
390,Janie,Marron,jmarronat@symantec.com,Female,C_06,C,2003,27979,Puce
391,Bobbie,Pond-Jones,bpondjonesau@wix.com,Female,C_01,A,2010,47010,Fuscia
392,Gunther,Sussams,gsussamsav@oakley.com,Male,C_04,B,2003,57085,Indigo
393,Philly,Bakesef,pbakesefaw@state.tx.us,Female,C_01,J,2006,28707,Puce
394,Devonna,Harkess,dharkessax@google.ru,Female,C_03,E,2011,69325,Purple
395,Rod,Argabrite,rargabriteay@google.ru,Male,C_05,J,1998,55065,Violet
396,Serge,Antley,santleyaz@behance.net,Male,C_07,J,1997,22966,Mauv
397,Matthus,Earley,mearleyb0@businessinsider.com,Male,C_01,E,1998,53309,Crimson
398,Elianore,MacElholm,emacelholmb1@google.ca,Female,C_06,F,2006,21820,Goldenrod
399,Willa,Kynson,wkynsonb2@oaic.gov.au,Female,C_03,H,1991,16303,Maroon
400,Valene,Ondra,vondrab3@samsung.com,Female,C_01,J,2002,60661,Red
401,Gusty,Garton,ggartonb4@delicious.com,Female,C_06,H,1999,44116,Khaki
402,Sawyer,Scohier,sscohierb5@arizona.edu,Male,C_07,B,1993,71269,Maroon
403,Odilia,Halton,ohaltonb6@is.gd,Female,C_05,J,2012,54228,Orange
404,Rorie,Whye,rwhyeb7@fastcompany.com,Female,C_04,B,2003,79644,Turquoise
405,Lesley,Kurten,lkurtenb8@slate.com,Male,C_04,J,2004,27952,Green
406,Shayna,Wipfler,swipflerb9@example.com,Female,C_01,F,2008,73944,Puce
407,Jacquelynn,Jurn,jjurnba@nhs.uk,Female,C_05,H,1989,41460,Indigo
408,Yolande,Darwood,ydarwoodbb@infoseek.co.jp,Female,C_03,C,1991,28263,Violet
409,Kristopher,Healks,khealksbc@webnode.com,Male,C_01,D,1992,75341,Yellow
410,Annadiana,Filchagin,afilchaginbd@sakura.ne.jp,Female,C_01,A,2012,56740,Crimson
411,Corrina,Packwood,cpackwoodbe@theatlantic.com,Female,C_01,G,1993,58637,Teal
412,Mehetabel,Bygreaves,mbygreavesbf@cocolog-nifty.com,Female,C_01,E,1992,38368,Green
413,Silvana,Nail,snailbg@dmoz.org,Female,C_01,G,2009,36008,Violet
414,Modesty,Le Floch,mleflochbh@godaddy.com,Female,C_03,G,2000,30323,Pink
415,Madelle,Kike,mkikebi@desdev.cn,Female,C_01,D,2003,35154,Khaki
416,Rickey,Strachan,rstrachanbj@cbsnews.com,Male,C_05,F,2011,16285,Crimson
417,Juan,Stocks,jstocksbk@cisco.com,Male,C_01,H,1959,28366,Purple
418,Elita,Oneal,eonealbl@state.tx.us,Female,C_05,I,2007,56730,Turquoise
419,Ardeen,Burroughes,aburroughesbm@zimbio.com,Female,C_06,J,1997,42765,Aquamarine
420,Rhett,Growcock,rgrowcockbn@eepurl.com,Male,C_01,A,2000,72461,Aquamarine
421,Beck,Lewins,blewinsbo@myspace.com,Male,C_07,A,1994,16812,Goldenrod
422,Irita,McBeth,imcbethbp@senate.gov,Female,C_01,A,1999,36361,Green
423,Harmon,Hovie,hhoviebq@amazonaws.com,Male,C_01,H,2001,30022,Crimson
424,Neill,Isgar,nisgarbr@goo.gl,Male,C_03,G,1995,40786,Red
425,Gabby,Storrock,gstorrockbs@kickstarter.com,Male,C_04,E,2008,58979,Purple
426,Wynne,Brandassi,wbrandassibt@usatoday.com,Female,C_07,G,1993,74432,Teal
427,Gusty,Boaler,gboalerbu@cocolog-nifty.com,Female,C_04,J,2010,60973,Blue
428,Duncan,Timbs,dtimbsbv@aol.com,Male,C_06,I,1969,38230,Maroon
429,Salomon,Rau,sraubw@msu.edu,Male,C_05,C,2005,16696,Orange
430,Sheba,Mottinelli,smottinellibx@discuz.net,Female,C_03,F,2012,27860,Green
431,Anneliese,Warlaw,awarlawby@geocities.com,Female,C_01,A,1965,44017,Green
432,Paloma,Danniel,pdannielbz@kickstarter.com,Female,C_06,D,2010,42695,Teal
433,Ramon,Byrcher,rbyrcherc0@si.edu,Male,C_05,G,1988,24577,Mauv
434,Meier,Vossing,mvossingc1@last.fm,Male,C_07,A,1987,71262,Aquamarine
435,Avis,Petrasso,apetrassoc2@house.gov,Female,C_02,D,1994,40576,Teal
436,Gerardo,Martinec,gmartinecc3@blogs.com,Male,C_06,D,2003,15643,Maroon
437,Alic,Ravelus,aravelusc4@slideshare.net,Male,C_04,I,2005,48816,Goldenrod
438,Elonore,Accomb,eaccombc5@technorati.com,Female,C_06,H,2005,41719,Maroon
439,Lyle,Turpie,lturpiec6@mlb.com,Male,C_07,D,2004,76230,Pink
440,Dukie,Killingworth,dkillingworthc7@sina.com.cn,Male,C_03,C,2007,26316,Crimson
441,William,Dobney,wdobneyc8@alibaba.com,Male,C_06,H,2007,27779,Mauv
442,Daniella,D'Adamo,ddadamoc9@ameblo.jp,Female,C_04,F,2008,39391,Green
443,Perry,Tournay,ptournayca@tripod.com,Female,C_01,F,2002,24805,Mauv
444,Eugenie,Whiscard,ewhiscardcb@flavors.me,Female,C_07,J,1994,70427,Teal
445,Saleem,Mc Dermid,smcdermidcc@edublogs.org,Male,C_07,F,1995,73786,Teal
446,Currie,Jirasek,cjirasekcd@topsy.com,Male,C_02,E,2011,78231,Indigo
447,Susana,Browne,sbrownece@hud.gov,Female,C_01,G,1995,44054,Aquamarine
448,Lambert,Keefe,lkeefecf@omniture.com,Male,C_07,A,1986,54035,Indigo
449,Vinita,Dangl,vdanglcg@hud.gov,Female,C_07,J,2011,62235,Yellow
450,Orland,McCrone,omccronech@census.gov,Male,C_01,J,1986,32824,Pink
451,Antony,Pert,apertci@booking.com,Male,C_07,F,2001,26055,Fuscia
452,Dedra,De Giorgi,ddegiorgicj@dion.ne.jp,Female,C_06,C,1997,47183,Mauv
453,Keslie,Royston,kroystonck@latimes.com,Female,C_04,A,2009,34993,Violet
454,Sauncho,Balmforth,sbalmforthcl@tripadvisor.com,Male,C_05,D,2002,61092,Goldenrod
455,Sylvia,Stitfall,sstitfallcm@xinhuanet.com,Female,C_06,B,1995,16051,Goldenrod
456,Reider,Mortell,rmortellcn@de.vu,Male,C_07,E,2012,50891,Goldenrod
457,Nonie,Ipsly,nipslyco@loc.gov,Female,C_02,H,2000,58412,Teal
458,Ephrayim,Oloman,eolomancp@networksolutions.com,Male,C_03,G,2004,78365,Teal
459,Corrianne,Bolino,cbolinocq@163.com,Female,C_04,D,2011,16555,Purple
460,Ryann,Benedit,rbeneditcr@latimes.com,Female,C_01,A,2011,21732,Green
461,Woodman,Lemme,wlemmecs@comcast.net,Male,C_03,E,1997,58451,Mauv
462,Westley,Maryska,wmaryskact@kickstarter.com,Male,C_02,B,1990,58991,Khaki
463,Wittie,Coatman,wcoatmancu@usda.gov,Male,C_03,B,1993,39055,Mauv
464,Valentin,Dies,vdiescv@adobe.com,Male,C_02,I,2001,17966,Aquamarine
465,Jacki,Peron,jperoncw@hugedomains.com,Female,C_06,E,1994,64029,Aquamarine
466,Herculie,Garwood,hgarwoodcx@discuz.net,Male,C_01,I,1994,32149,Purple
467,Buckie,Atwool,batwoolcy@flavors.me,Male,C_06,A,2001,30671,Purple
468,Kat,Connop,kconnopcz@paypal.com,Female,C_03,D,2007,37802,Puce
469,Kipper,Carmichael,kcarmichaeld0@studiopress.com,Male,C_05,B,1990,67724,Mauv
470,Trevor,Levison,tlevisond1@com.com,Male,C_06,D,2008,74719,Crimson
471,Ynes,Geldeard,ygeldeardd2@friendfeed.com,Female,C_07,A,1990,23562,Purple
472,Obadias,Garrat,ogarratd3@edublogs.org,Male,C_01,D,2010,72628,Fuscia
473,Roanna,Corbin,rcorbind4@nature.com,Female,C_06,H,2006,69015,Pink
474,Ranique,Dorn,rdornd5@bbb.org,Female,C_02,E,2007,17628,Goldenrod
475,Mei,Partlett,mpartlettd6@histats.com,Female,C_06,B,1988,72585,Orange
476,Ashly,Greatrex,agreatrexd7@last.fm,Female,C_03,I,1986,54322,Green
477,Veronica,Gwilliam,vgwilliamd8@google.ru,Female,C_07,I,2012,34240,Crimson
478,Royce,Lanyon,rlanyond9@blogtalkradio.com,Male,C_01,C,2001,77833,Yellow
479,Christy,Durno,cdurnoda@slate.com,Female,C_05,C,2009,68137,Goldenrod
480,Sullivan,Bailes,sbailesdb@sogou.com,Male,C_03,E,1997,20775,Teal
481,Gino,Dawidowsky,gdawidowskydc@pagesperso-orange.fr,Male,C_05,B,2002,77916,Purple
482,Donnajean,Josephov,djosephovdd@weibo.com,Female,C_01,D,2000,64139,Teal
483,Chloe,Butterick,cbutterickde@economist.com,Female,C_07,J,2006,44777,Pink
484,Kermy,Gaytor,kgaytordf@arizona.edu,Male,C_06,H,2005,79036,Violet
485,Arnold,Mabson,amabsondg@netvibes.com,Male,C_07,G,2002,46536,Turquoise
486,Theodosia,Albrook,talbrookdh@senate.gov,Female,C_03,H,1998,67842,Violet
487,Abbot,Finnis,afinnisdi@utexas.edu,Male,C_03,H,1994,31771,Fuscia
488,Adele,Regitz,aregitzdj@aol.com,Female,C_07,J,1993,71377,Khaki
489,Vassily,Triggle,vtriggledk@gov.uk,Male,C_04,D,1998,70230,Violet
490,Chelsie,Bellward,cbellwarddl@zdnet.com,Female,C_03,G,2003,68028,Maroon
491,Donalt,Waycott,dwaycottdm@hao123.com,Male,C_04,F,1990,28297,Teal
492,Virgil,McGillecole,vmcgillecoledn@list-manage.com,Male,C_02,F,1995,32059,Violet
493,Olga,Shields,oshieldsdo@weebly.com,Female,C_05,J,2003,66594,Green
494,Parry,Bendle,pbendledp@mozilla.org,Male,C_01,E,2000,67377,Goldenrod
495,Rafaellle,Laval,rlavaldq@uiuc.edu,Male,C_02,C,1997,67834,Teal
496,Cristionna,Donisthorpe,cdonisthorpedr@reference.com,Female,C_02,J,2004,54909,Orange
497,Ashlin,Sautter,asautterds@histats.com,Male,C_03,H,2011,50060,Red
498,Andrew,Reyne,areynedt@auda.org.au,Male,C_05,B,2003,31367,Blue